Boro,HH,avg_traffic,avg_nb_measurements
Staten Island,0,1819.7364341085272,53.14728682170543
Staten Island,1,1105.6046511627908,53.14728682170543
Staten Island,2,724.2325581395348,53.14728682170543
Staten Island,3,606.8294573643411,53.14728682170543
Staten Island,4,819.8759689922481,53.14728682170543
Staten Island,5,1800.3720930232557,53.14728682170543
Staten Island,6,4046.7175572519086,52.534351145038165
Staten Island,7,6462.9111111111115,50.977777777777774
Staten Island,8,6469.4525547445255,49.96350364963504
Staten Island,9,6022.389705882353,50.23529411764706
Staten Island,10,6361.20895522388,51.24626865671642
Staten Island,11,6924.2406015037595,51.78195488721804
Staten Island,12,7400.9699248120305,51.78947368421053
Staten Island,13,7632.330827067669,51.73684210526316
Staten Island,14,8409.924242424242,52.196969696969695
Staten Island,15,8490.075757575758,52.21212121212121
Staten Island,16,8486.628787878788,52.21212121212121
Staten Island,17,8393.60606060606,52.21212121212121
Staten Island,18,7840.840909090909,52.21212121212121
Staten Island,19,6884.7890625,53.75
Staten Island,20,5455.375,53.75
Staten Island,21,4338.8515625,53.75
Staten Island,22,3469.203125,53.75
Staten Island,23,2695.1953125,53.7421875
