Boro,HH,avg_traffic,avg_nb_measurements
Manhattan,0,12892.645933014353,97.22966507177034
Manhattan,1,9648.803827751197,97.22488038277513
Manhattan,2,7438.497607655502,97.24401913875599
Manhattan,3,6361.803827751196,97.24401913875599
Manhattan,4,6697.311004784689,97.2535885167464
Manhattan,5,8893.215311004784,97.1866028708134
Manhattan,6,13649.514285714286,96.33809523809524
Manhattan,7,17249.531100478467,96.72727272727273
Manhattan,8,18327.655502392343,96.99521531100478
Manhattan,9,18300.783653846152,97.5
Manhattan,10,18297.623188405796,97.95169082125604
Manhattan,11,18768.533980582524,98.74271844660194
Manhattan,12,19042.79126213592,98.80582524271844
Manhattan,13,19426.038834951458,98.87378640776699
Manhattan,14,20291.199029126212,98.89320388349515
Manhattan,15,21216.388349514564,98.89320388349515
Manhattan,16,21392.936893203885,98.90291262135922
Manhattan,17,21617.033980582524,98.9126213592233
Manhattan,18,21632.441747572815,98.8883495145631
Manhattan,19,20957.980582524273,98.62135922330097
Manhattan,20,19645.990291262136,98.62135922330097
Manhattan,21,18388.56796116505,98.62135922330097
Manhattan,22,17497.990291262136,98.62135922330097
Manhattan,23,15631.864077669903,98.6504854368932
