Boro,HH,avg_traffic,avg_nb_measurements
Manhattan,0,10698.961111111112,115.25
Manhattan,1,7696.882681564246,115.91061452513966
Manhattan,2,5715.223463687151,115.93296089385476
Manhattan,3,4857.972067039106,115.93296089385476
Manhattan,4,5339.229050279329,115.93296089385476
Manhattan,5,7792.513966480447,115.90502793296089
Manhattan,6,12127.553072625698,115.73743016759776
Manhattan,7,16016.810055865923,115.69832402234637
Manhattan,8,17181.877094972067,115.83798882681565
Manhattan,9,17033.145251396647,115.93854748603351
Manhattan,10,17177.726256983242,115.94413407821229
Manhattan,11,17413.698324022345,115.97765363128492
Manhattan,12,17580.106145251397,115.89944134078212
Manhattan,13,17981.28491620112,115.85474860335195
Manhattan,14,18841.4469273743,115.84357541899442
Manhattan,15,19717.368715083798,115.84357541899442
Manhattan,16,19769.173184357544,115.84357541899442
Manhattan,17,19938.49162011173,115.79888268156425
Manhattan,18,19910.206703910615,115.75977653631286
Manhattan,19,19215.12849162011,115.75418994413408
Manhattan,20,17651.86033519553,115.75418994413408
Manhattan,21,16640.854748603353,115.75418994413408
Manhattan,22,15760.446927374302,115.75418994413408
Manhattan,23,13772.150837988827,115.76536312849161
