Boro,M,avg_traffic,avg_nb_measurements
Staten Island,1,5908.363095238095,44.0
Staten Island,8,4007.2678571428573,25.714285714285715
Staten Island,9,2255.659722222222,13.333333333333334
