Boro,M,avg_traffic,avg_nb_measurements
Brooklyn,2,169.57142857142858,12.0
Brooklyn,8,3919.6722222222224,40.266666666666666
Brooklyn,9,4251.173611111111,32.0
