Boro,M,avg_traffic,avg_nb_measurements
Manhattan,2,380.8988095238095,4.0
Manhattan,10,30041.18269230769,150.76923076923077
Manhattan,11,11094.291666666666,53.333333333333336
